Key,Type,Desc,Ru
Videos/Intro_big/Sub/0001,Text,,Фараон — сердце Египта.
Videos/Intro_big/Sub/0002,Text,,"Земля — его тело,"
Videos/Intro_big/Sub/0003,Text,,а народ — его кровь.
Videos/Intro_big/Sub/0004,Text,,"Однажды ты станешь править Египтом, сын мой."
Videos/Intro_big/Sub/0005,Text,,Твои армии громом пронесутся по бескрайней пустыне.
Videos/Intro_big/Sub/0006,Text,,"И она содрогнётся под их ногами,"
Videos/Intro_big/Sub/0007,Text,,"как содрогалась под тяжёлой поступью бесчисленных людей,"
Videos/Intro_big/Sub/0008,Text,,"трудившихся под палящим солнцем,"
Videos/Intro_big/Sub/0009,Text,,чтобы возвести вечную усыпальницу твоего деда.
Videos/Intro_big/Sub/0010,Text,,"Он был Египтом, как я сейчас и как ты станешь Египтом."
Videos/Intro_big/Sub/0011,Text,,Его лицо — моё лицо и твоё.
Videos/Intro_big/Sub/0012,Text,,Его сила — наша сила.
Videos/Intro_big/Sub/0013,Text,,Ведь его кровь течёт в наших жилах.
Videos/Intro_big/Sub/0014,Text,,"Всю жизнь он возводил этот монумент, который теперь взирает на нас."
Videos/Intro_big/Sub/0015,Text,,"Когда строительство завершилось, завершилась и его жизнь."
Videos/Intro_big/Sub/0016,Text,,"Но когда Анубис забрал моего отца, явилась новая жизнь."
Videos/Intro_big/Sub/0017,Text,,"И пока твоего деда оборачивали тонким льном,"
Videos/Intro_big/Sub/0018,Text,,тебя пеленали в младенческие одежды.
Videos/Intro_big/Sub/0019,Text,,И для Египта наступил новый день.
Videos/Intro_big/Sub/0020,Text,,Со временем каждый фараон должен услышать зов Осириса
Videos/Intro_big/Sub/0021,Text,,и отправиться в последнее путешествие в царство бессмертия.
Videos/Intro_big/Sub/0022,Text,,"Когда подходит к концу день правления фараона,"
Videos/Intro_big/Sub/0023,Text,,начинается ночь его вечного сна.
Videos/Intro_big/Sub/0024,Text,,"Пока его покой ничто не тревожит,"
Videos/Intro_big/Sub/0025,Text,,Египет будет стоять.
Videos/pre_dynastic_big/Sub/0001,Text,,"Говорят, путь в тысячу миль начинается с одного шага."
Videos/pre_dynastic_big/Sub/0002,Text,,Так пусть история великого народа начнётся с одной мечты.
Videos/pre_dynastic_big/Sub/0003,Text,,Красная земля породила такую мечту.
Videos/pre_dynastic_big/Sub/0004,Text,,Кланы кочевников несут её в своих сердцах через бескрайнюю пустыню
Videos/pre_dynastic_big/Sub/0005,Text,,в землю Египта.
Videos/Archaic_big/Sub/0001,Text,,В разрозненных поселениях вдоль священной реки Нил
Videos/Archaic_big/Sub/0002,Text,,появляются могущественные вожди.
Videos/Archaic_big/Sub/0003,Text,,"Силой воли и духа они ведут свой народ,"
Videos/Archaic_big/Sub/0004,Text,,чтобы укротить дикую землю
Videos/Archaic_big/Sub/0005,Text,,и обрести щедрые дары Египта.
Videos/Archaic_big/Sub/0006,Text,,Деревни превращаются в процветающие города.
Videos/Archaic_big/Sub/0007,Text,,"Земля и кирпичи,"
Videos/Archaic_big/Sub/0008,Text,,"обожжённые солнцем пустыни,"
Videos/Archaic_big/Sub/0009,Text,,становятся священными гробницами — вечным пристанищем душ усопших вельмож.
Videos/old_kingdom_big/Sub/0001,Text,,Чистые воды драгоценного Нила
Videos/old_kingdom_big/Sub/0002,Text,,кишат жизнью.
Videos/old_kingdom_big/Sub/0003,Text,,Египту больше не приходится бороться за единство.
Videos/old_kingdom_big/Sub/0004,Text,,Бесчисленные верные и покорные подданные
Videos/old_kingdom_big/Sub/0005,Text,,возносят фараона к бессмертию.
Videos/middle_kingdom_big/Sub/0001,Text,,"Фараоны наших предков покорили эту великую равнину,"
Videos/middle_kingdom_big/Sub/0002,Text,,"возвели великие пирамиды,"
Videos/middle_kingdom_big/Sub/0003,Text,,"Сфинкса и священные гробницы бесчисленных вельмож,"
Videos/middle_kingdom_big/Sub/0004,Text,,что простираются по пустыне до самого горизонта.
Videos/middle_kingdom_big/Sub/0005,Text,,"Здесь живёт свидетельство древних времён,"
Videos/middle_kingdom_big/Sub/0006,Text,,"славы былого Египта,"
Videos/middle_kingdom_big/Sub/0007,Text,,славы былого фараона.
Videos/middle_kingdom_big/Sub/0008,Text,,"Но хотя наши монументы стоят,"
Videos/middle_kingdom_big/Sub/0009,Text,,"силы, создавшей их, уже нет."
Videos/middle_kingdom_big/Sub/0010,Text,,"Осирис покинул нас,"
Videos/middle_kingdom_big/Sub/0011,Text,,"власть фараона испарилась,"
Videos/middle_kingdom_big/Sub/0012,Text,,словно капли воды в пустыне.
Videos/middle_kingdom_big/Sub/0013,Text,,"Наши враги осмеливаются оспаривать его власть,"
Videos/middle_kingdom_big/Sub/0014,Text,,"поднимают против нас мечи и копья,"
Videos/middle_kingdom_big/Sub/0015,Text,,и Египет рассыпается в прах…
Videos/new_king_big/Sub/0001,Text,,Великолепие наших городов озаряет весь мир.
Videos/new_king_big/Sub/0002,Text,,"И, словно мотыльки на пламя,"
Videos/new_king_big/Sub/0003,Text,,"узурпаторы приходят оспорить нашу власть,"
Videos/new_king_big/Sub/0004,Text,,разрывая Египет на части.
Videos/new_king_big/Sub/0005,Text,,"Появилось новое оружие войны,"
Videos/new_king_big/Sub/0006,Text,,"и оно пронеслось над Египтом, словно буря в пустыне."
Videos/win_grand_big/Sub/0001,Text,,"Через пять эпох,"
Videos/win_grand_big/Sub/0002,Text,,через бесчисленные испытания и неисчислимые жизни
Videos/win_grand_big/Sub/0003,Text,,Египет выстоял.
Videos/win_grand_big/Sub/0004,Text,,Теперь никто не оспаривает нашу власть.
Videos/win_grand_big/Sub/0005,Text,,История твоей семьи — это история Египта.
Videos/win_grand_big/Sub/0006,Text,,Тысячи людей поклоняются тебе как богу.
Videos/win_grand_big/Sub/0007,Text,,И созданная тобой династия
Videos/win_grand_big/Sub/0008,Text,,никогда не будет забыта!
Videos/win_grand_big/Sub/0009,Text,,никогда не умрёт.
